Benefits scheme,BenefitsRewards
Benefits and rewards,BenefitsRewards
Benefits,BenefitsRewards
Rewards,BenefitsRewards
Benefits and rewards scheme,BenefitsRewards
What benefits and rewards are there?,BenefitsRewards
Rewards scheme,BenefitsRewards
Working flexibly,FlexibleWorking
Arrangements for flexible working,FlexibleWorking
How can I work flexibly?,FlexibleWorking
Flexible arrangements,FlexibleWorking
What flexible working arrangements are there?,FlexibleWorking
Flexible working arrangements,FlexibleWorking
Flexible working,FlexibleWorking
Goodbye,Goodbye
See you later,Goodbye
See you soon,Goodbye
Thanks alot,Goodbye
Many thanks,Goodbye
Thank you very much,Goodbye
Thanks so much,Goodbye
Thanks,Goodbye
Thank you,Goodbye
Bye,Goodbye
Hey,Greeting
Hello,Greeting
Greetings,Greeting
Hi,Greeting
Sick,Sickness
Sickness,Sickness
What do I do if I am sick?,Sickness
I am sick,Sickness
Sick leave,Sickness
Leave for sickness,Sickness
Sickness leave,Sickness
What should I do with unused leave?,UnusedLeave
I haven't used my leave,UnusedLeave
I have unused leave,UnusedLeave
Can unused leave be carried over to the next year?,UnusedLeave
Unused leave,UnusedLeave
I have leave left to use,UnusedLeave
Working hours,WorkingHoursFullTime
What are the working hours for full-time?,WorkingHoursFullTime
Full-time working hours,WorkingHoursFullTime
Full-time hours,WorkingHoursFullTime
